META,kind=native_boolean_no_proof,iterations=10000000,samples=25,black_box=true
BASELINE,admission-source,0,10000000,12257638
BASELINE,admission-source,1,10000000,12281323
BASELINE,admission-source,2,10000000,12392173
BASELINE,admission-source,3,10000000,12158953
BASELINE,admission-source,4,10000000,12160024
BASELINE,admission-source,5,10000000,12630421
BASELINE,admission-source,6,10000000,12238643
BASELINE,admission-source,7,10000000,12170575
BASELINE,admission-source,8,10000000,12189701
BASELINE,admission-source,9,10000000,12233734
BASELINE,admission-source,10,10000000,12109119
BASELINE,admission-source,11,10000000,12103539
BASELINE,admission-source,12,10000000,12093790
BASELINE,admission-source,13,10000000,12104390
BASELINE,admission-source,14,10000000,12090224
BASELINE,admission-source,15,10000000,12088470
BASELINE,admission-source,16,10000000,12129828
BASELINE,admission-source,17,10000000,12108618
BASELINE,admission-source,18,10000000,12118176
BASELINE,admission-source,19,10000000,12172569
BASELINE,admission-source,20,10000000,12178359
BASELINE,admission-source,21,10000000,12142472
BASELINE,admission-source,22,10000000,12216541
BASELINE,admission-source,23,10000000,12270944
BASELINE,admission-source,24,10000000,12235266
BASELINE,admission-optimized,0,10000000,10645813
BASELINE,admission-optimized,1,10000000,10625054
BASELINE,admission-optimized,2,10000000,10581872
BASELINE,admission-optimized,3,10000000,10585198
BASELINE,admission-optimized,4,10000000,10601820
BASELINE,admission-optimized,5,10000000,10584247
BASELINE,admission-optimized,6,10000000,10621357
BASELINE,admission-optimized,7,10000000,10621717
BASELINE,admission-optimized,8,10000000,10702360
BASELINE,admission-optimized,9,10000000,10718930
BASELINE,admission-optimized,10,10000000,10621407
BASELINE,admission-optimized,11,10000000,10634191
BASELINE,admission-optimized,12,10000000,10505869
BASELINE,admission-optimized,13,10000000,11301387
BASELINE,admission-optimized,14,10000000,10691949
BASELINE,admission-optimized,15,10000000,10678965
BASELINE,admission-optimized,16,10000000,10496020
BASELINE,admission-optimized,17,10000000,10603644
BASELINE,admission-optimized,18,10000000,10545053
BASELINE,admission-optimized,19,10000000,10583125
BASELINE,admission-optimized,20,10000000,10601068
BASELINE,admission-optimized,21,10000000,10561975
BASELINE,admission-optimized,22,10000000,10499187
BASELINE,admission-optimized,23,10000000,10495460
BASELINE,admission-optimized,24,10000000,10510167
BASELINE,upgrade-source,0,10000000,6512076
BASELINE,upgrade-source,1,10000000,6549828
BASELINE,upgrade-source,2,10000000,6516114
BASELINE,upgrade-source,3,10000000,6527586
BASELINE,upgrade-source,4,10000000,6530731
BASELINE,upgrade-source,5,10000000,6532966
BASELINE,upgrade-source,6,10000000,6547524
BASELINE,upgrade-source,7,10000000,6690383
BASELINE,upgrade-source,8,10000000,6568453
BASELINE,upgrade-source,9,10000000,6549637
BASELINE,upgrade-source,10,10000000,6552282
BASELINE,upgrade-source,11,10000000,6543385
BASELINE,upgrade-source,12,10000000,6549828
BASELINE,upgrade-source,13,10000000,6595153
BASELINE,upgrade-source,14,10000000,6583561
BASELINE,upgrade-source,15,10000000,6549196
BASELINE,upgrade-source,16,10000000,6547022
BASELINE,upgrade-source,17,10000000,6549767
BASELINE,upgrade-source,18,10000000,6611543
BASELINE,upgrade-source,19,10000000,6536983
BASELINE,upgrade-source,20,10000000,6523708
BASELINE,upgrade-source,21,10000000,6527174
BASELINE,upgrade-source,22,10000000,6530801
BASELINE,upgrade-source,23,10000000,6532124
BASELINE,upgrade-source,24,10000000,6571598
BASELINE,upgrade-optimized,0,10000000,9122333
BASELINE,upgrade-optimized,1,10000000,9082979
BASELINE,upgrade-optimized,2,10000000,9091105
BASELINE,upgrade-optimized,3,10000000,9097817
BASELINE,upgrade-optimized,4,10000000,9089431
BASELINE,upgrade-optimized,5,10000000,9106724
BASELINE,upgrade-optimized,6,10000000,9092076
BASELINE,upgrade-optimized,7,10000000,9171115
BASELINE,upgrade-optimized,8,10000000,9166285
BASELINE,upgrade-optimized,9,10000000,9234104
BASELINE,upgrade-optimized,10,10000000,9215959
BASELINE,upgrade-optimized,11,10000000,9234274
BASELINE,upgrade-optimized,12,10000000,9229124
BASELINE,upgrade-optimized,13,10000000,9218734
BASELINE,upgrade-optimized,14,10000000,9159854
BASELINE,upgrade-optimized,15,10000000,9163881
BASELINE,upgrade-optimized,16,10000000,9098688
BASELINE,upgrade-optimized,17,10000000,9085954
BASELINE,upgrade-optimized,18,10000000,9080956
BASELINE,upgrade-optimized,19,10000000,9077168
BASELINE,upgrade-optimized,20,10000000,9093529
BASELINE,upgrade-optimized,21,10000000,9088839
BASELINE,upgrade-optimized,22,10000000,9092447
BASELINE,upgrade-optimized,23,10000000,9098628
BASELINE,upgrade-optimized,24,10000000,9074673
BASELINE,clearance-source,0,10000000,6097886
BASELINE,clearance-source,1,10000000,6093969
BASELINE,clearance-source,2,10000000,6320174
BASELINE,clearance-source,3,10000000,6087316
BASELINE,clearance-source,4,10000000,6062419
BASELINE,clearance-source,5,10000000,7253903
BASELINE,clearance-source,6,10000000,6133353
BASELINE,clearance-source,7,10000000,6230325
BASELINE,clearance-source,8,10000000,6173769
BASELINE,clearance-source,9,10000000,6141048
BASELINE,clearance-source,10,10000000,6195390
BASELINE,clearance-source,11,10000000,6157107
BASELINE,clearance-source,12,10000000,6314655
BASELINE,clearance-source,13,10000000,6312260
BASELINE,clearance-source,14,10000000,6199207
BASELINE,clearance-source,15,10000000,6194629
BASELINE,clearance-source,16,10000000,6154933
BASELINE,clearance-source,17,10000000,6225948
BASELINE,clearance-source,18,10000000,6159062
BASELINE,clearance-source,19,10000000,6100171
BASELINE,clearance-source,20,10000000,6113666
BASELINE,clearance-source,21,10000000,6126360
BASELINE,clearance-source,22,10000000,6432136
BASELINE,clearance-source,23,10000000,6174731
BASELINE,clearance-source,24,10000000,6169932
BASELINE,clearance-optimized,0,10000000,6202102
BASELINE,clearance-optimized,1,10000000,6288345
BASELINE,clearance-optimized,2,10000000,6134505
BASELINE,clearance-optimized,3,10000000,6150184
BASELINE,clearance-optimized,4,10000000,6268427
BASELINE,clearance-optimized,5,10000000,6145265
BASELINE,clearance-optimized,6,10000000,6239282
BASELINE,clearance-optimized,7,10000000,6131870
BASELINE,clearance-optimized,8,10000000,6133794
BASELINE,clearance-optimized,9,10000000,6238551
BASELINE,clearance-optimized,10,10000000,6106362
BASELINE,clearance-optimized,11,10000000,6100160
BASELINE,clearance-optimized,12,10000000,6181233
BASELINE,clearance-optimized,13,10000000,6192674
BASELINE,clearance-optimized,14,10000000,6110130
BASELINE,clearance-optimized,15,10000000,6074612
BASELINE,clearance-optimized,16,10000000,6338760
BASELINE,clearance-optimized,17,10000000,6137210
BASELINE,clearance-optimized,18,10000000,6224505
BASELINE,clearance-optimized,19,10000000,6151718
BASELINE,clearance-optimized,20,10000000,6164792
BASELINE,clearance-optimized,21,10000000,6126831
BASELINE,clearance-optimized,22,10000000,6235035
BASELINE,clearance-optimized,23,10000000,6119216
BASELINE,clearance-optimized,24,10000000,6215567
BASELINE,strand-source,0,10000000,4060138
BASELINE,strand-source,1,10000000,3841997
BASELINE,strand-source,2,10000000,3805288
BASELINE,strand-source,3,10000000,3844071
BASELINE,strand-source,4,10000000,3848809
BASELINE,strand-source,5,10000000,3823432
BASELINE,strand-source,6,10000000,3848229
BASELINE,strand-source,7,10000000,3827700
BASELINE,strand-source,8,10000000,3832570
BASELINE,strand-source,9,10000000,3806330
BASELINE,strand-source,10,10000000,3949199
BASELINE,strand-source,11,10000000,3816549
BASELINE,strand-source,12,10000000,3813934
BASELINE,strand-source,13,10000000,3814295
BASELINE,strand-source,14,10000000,3808674
BASELINE,strand-source,15,10000000,3788487
BASELINE,strand-source,16,10000000,3840645
BASELINE,strand-source,17,10000000,3818492
BASELINE,strand-source,18,10000000,3784298
BASELINE,strand-source,19,10000000,3818142
BASELINE,strand-source,20,10000000,3812381
BASELINE,strand-source,21,10000000,3816148
BASELINE,strand-source,22,10000000,3810688
BASELINE,strand-source,23,10000000,3881160
BASELINE,strand-source,24,10000000,3810157
BASELINE,strand-optimized,0,10000000,3793947
BASELINE,strand-optimized,1,10000000,3800749
BASELINE,strand-optimized,2,10000000,3807151
BASELINE,strand-optimized,3,10000000,3786843
BASELINE,strand-optimized,4,10000000,3957024
BASELINE,strand-optimized,5,10000000,3795168
BASELINE,strand-optimized,6,10000000,3821709
BASELINE,strand-optimized,7,10000000,3841866
BASELINE,strand-optimized,8,10000000,3899165
BASELINE,strand-optimized,9,10000000,3819866
BASELINE,strand-optimized,10,10000000,3905307
BASELINE,strand-optimized,11,10000000,3839522
BASELINE,strand-optimized,12,10000000,3847778
BASELINE,strand-optimized,13,10000000,4242882
BASELINE,strand-optimized,14,10000000,3977502
BASELINE,strand-optimized,15,10000000,3826177
BASELINE,strand-optimized,16,10000000,4369361
BASELINE,strand-optimized,17,10000000,3833701
BASELINE,strand-optimized,18,10000000,3834974
BASELINE,strand-optimized,19,10000000,3928680
BASELINE,strand-optimized,20,10000000,3831317
BASELINE,strand-optimized,21,10000000,3810648
BASELINE,strand-optimized,22,10000000,3857546
BASELINE,strand-optimized,23,10000000,3836056
BASELINE,strand-optimized,24,10000000,3821518
